t_s,cpu_percent_one_core,ram_mib,gpu_mem_mib_total
0.3363452999983565,25.8,61.6171875,0.0
0.45343319999847154,9.7,61.890625,0.0
0.5693846999984089,0.0,61.890625,0.0
0.6788781999985076,0.0,61.89453125,0.0
0.8001509999994596,12.9,61.89453125,0.0
0.9139512999990984,0.0,61.89453125,0.0
1.0253685999996378,0.0,61.7265625,0.0
1.1470038999996177,12.9,61.73046875,0.0
1.259369899999001,0.0,61.85546875,0.0
1.3730273999990459,13.7,61.859375,0.0
2.1912962999995216,13.6,61.859375,0.0
2.3072472999992897,1.9,61.9609375,0.0
2.4250094999988505,13.3,61.96484375,0.0
2.5413425999995525,0.0,61.9765625,0.0
2.6618788999985554,0.0,61.9765625,0.0
2.782396199998402,13.0,61.9765625,0.0
2.9043451999987155,12.8,61.9765625,0.0
3.0228028999990784,0.0,61.9765625,0.0
3.1347117999994225,0.0,61.9765625,0.0
3.253016299999217,13.2,61.859375,0.0
3.4370826999984274,12.6,61.86328125,87.0
3.561049099998854,8.5,61.96875,87.0
3.681553200000053,0.0,61.97265625,87.0
3.798410099998364,13.4,61.9765625,87.0
3.9111240999991423,0.0,61.98046875,87.0
4.024422599999525,0.0,61.98046875,87.0
4.139612799999668,13.6,61.98046875,87.0
4.253519199999573,13.7,61.984375,87.0
4.369895099998757,0.0,61.8671875,87.0
4.493082299999514,0.0,61.875,87.0
4.65953029999946,0.0,61.87890625,121.0
4.782164999998713,17.6,61.9921875,121.0
4.891904799998883,14.2,61.9921875,121.0
5.007028899999568,0.0,61.9921875,121.0
5.119725399999879,0.0,64.3828125,121.0
5.240019399998346,0.0,64.3828125,121.0
5.359750899999199,13.1,64.3828125,121.0
5.48022569999921,0.0,64.265625,121.0
5.594405699999697,27.4,64.26953125,121.0
5.7158664999988105,12.9,64.2734375,121.0
5.890961899998729,0.0,64.2734375,121.0
6.007075499999701,9.2,64.37890625,121.0
6.11642959999881,0.0,64.3828125,121.0
6.238278799999534,0.0,64.3828125,121.0
6.358934699999736,12.9,64.3828125,121.0
6.466490999999223,14.5,64.3828125,121.0
6.5799367999989045,13.8,64.265625,121.0
6.691762899999958,14.0,64.265625,121.0
6.8090247999989515,13.3,64.26953125,121.0
6.930566499999259,0.0,64.27734375,121.0
7.100681500000064,13.4,64.27734375,121.0
7.228065299999798,0.0,64.3828125,121.0
7.350491099999999,0.0,64.3828125,121.0
7.4760920999997325,0.0,64.3828125,121.0
7.5969267999989825,12.9,64.265625,121.0
7.714422899998681,0.0,64.26953125,121.0
7.8669396999994206,10.2,64.26953125,121.0
7.9810132999991765,0.0,64.2734375,121.0
8.102846299998419,12.8,64.27734375,121.0
8.224039199998515,12.9,64.27734375,121.0
8.403349299998808,13.0,64.27734375,121.0
8.522506999999678,0.0,64.3671875,121.0
8.641140099998665,0.0,64.26171875,121.0
8.760360699998273,0.0,64.27734375,121.0
8.880128299999342,0.0,64.27734375,121.0
8.991528099999414,0.0,64.27734375,121.0
9.107402299998284,13.5,64.27734375,121.0
9.221304099999543,13.7,64.27734375,121.0
9.337766399999964,0.0,64.27734375,121.0
9.456836499999554,0.0,64.27734375,121.0
9.628965599998992,13.2,64.27734375,121.0
9.74683549999827,9.1,64.26171875,121.0
9.857912299999953,14.1,64.26953125,121.0
9.974287699998968,13.4,64.2734375,121.0
10.095539399999325,12.9,64.2734375,121.0
10.21827729999859,12.7,64.2734375,121.0
10.337078099999417,0.0,64.2734375,121.0
10.456024599998273,13.1,64.2734375,121.0
10.581861299999218,12.4,64.27734375,121.0
10.698561499999414,0.0,64.27734375,121.0
10.863672499999666,27.4,64.265625,121.0
10.982743499998833,9.2,64.39453125,121.0
11.094437599998855,14.0,64.39453125,121.0
11.211551699998381,0.0,64.40234375,121.0
11.334544699999242,0.0,64.40234375,121.0
11.457269599999563,12.7,64.40234375,121.0
11.576414399998612,13.1,64.40234375,121.0
11.693206899999495,0.0,64.40234375,121.0
11.811011799998596,13.3,64.26953125,121.0
11.925686199998381,0.0,64.2734375,121.0
12.097672299998521,0.0,64.27734375,121.0
12.209068499998466,9.4,64.390625,121.0
12.317880699998568,0.0,64.390625,121.0
12.429074399999081,0.0,64.390625,121.0
12.541210899998987,0.0,64.390625,121.0
12.662968399999954,0.0,64.390625,121.0
12.787828399999853,12.5,64.390625,121.0
12.911172299998725,12.7,64.27734375,121.0
13.030441699998846,13.1,64.28125,121.0
13.154976499999975,12.5,64.28125,121.0
13.331013600000006,0.0,64.28515625,121.0
13.451255599999058,17.8,64.40625,121.0
13.573702499999854,0.0,64.40625,121.0
13.692798399999447,26.2,64.40625,121.0
13.813608399999794,12.9,64.40625,121.0
13.930266199999096,0.0,64.27734375,121.0
14.043664899998475,13.8,64.28125,121.0
14.167296699999497,0.0,64.28515625,121.0
14.280196599998817,27.7,64.28515625,121.0
14.396084999998493,0.0,64.28515625,121.0
14.569173599998976,0.0,64.28515625,121.0
14.692687400000068,17.3,64.390625,121.0
14.809025999998994,13.4,64.390625,121.0
14.92425589999948,13.6,64.390625,121.0
15.04795859999831,12.6,64.27734375,121.0
15.172205199998643,12.6,64.28125,121.0
15.293958999998722,12.8,64.28515625,121.0
15.410848199999236,13.4,64.2890625,121.0
15.527591799998845,13.4,64.2890625,121.0
15.644054899999901,13.4,64.2890625,121.0
15.820950999999695,0.0,64.2890625,185.0
15.939366999999038,17.1,64.39453125,185.0
16.062047899999015,12.7,64.27734375,185.0
16.17811459999939,0.0,64.28125,185.0
16.295742499998596,13.3,64.28515625,185.0
16.40763109999898,0.0,64.2890625,185.0
16.523233299998537,0.0,64.2890625,185.0
16.63923269999941,13.5,64.2890625,185.0
16.74998609999966,14.1,64.2890625,185.0
16.868664599998738,0.0,64.2890625,185.0
17.041775299998335,13.7,64.2890625,185.0
17.158762899998692,8.9,64.28515625,185.0
17.271334899998692,0.0,64.2890625,185.0
17.392936700000064,12.9,64.2890625,185.0
17.509509599998637,0.0,64.29296875,185.0
17.62679599999865,13.3,64.29296875,185.0
17.749575799998638,12.7,64.29296875,185.0
17.868013899998914,0.0,64.29296875,185.0
17.992438699999184,0.0,64.29296875,185.0
18.10705919999964,13.6,64.29296875,185.0
18.275546399998348,14.1,64.28125,185.0
18.396775799999887,0.0,64.390625,185.0
18.518027999998594,12.9,64.39453125,185.0
18.64285909999853,12.5,64.39453125,185.0
18.76163489999999,0.0,64.39453125,185.0
18.874063999999635,27.8,64.39453125,185.0
18.991706399998293,0.0,64.3984375,185.0
19.10655499999848,13.6,64.3984375,185.0
19.221528699999908,13.6,64.28515625,185.0
19.333525199999713,0.0,64.2890625,185.0
19.505145099999936,0.0,64.2890625,185.0
19.61327429999983,9.9,64.3984375,185.0
19.731788199998846,13.2,64.3984375,185.0
19.851095499998337,0.0,64.40234375,185.0
19.97091889999865,13.0,64.40234375,185.0
20.091543499998807,13.0,64.40234375,185.0
20.208799699999872,0.0,64.40234375,185.0
20.32923369999844,13.0,64.28125,185.0
20.442405299998427,13.8,64.29296875,185.0
20.558749499999976,0.0,64.296875,185.0
20.73367959999996,27.6,64.296875,185.0
20.843982699998378,9.1,64.40234375,185.0
20.957250999999815,13.8,64.40234375,185.0
21.07404199999837,0.0,64.40234375,185.0
21.18201559999943,14.5,64.40234375,185.0
21.294257699999434,13.9,64.40234375,185.0
21.41569569999956,0.0,64.28515625,185.0
21.539396699999998,0.0,64.29296875,185.0
21.65377349999835,13.7,64.296875,185.0
21.767066200000045,13.8,64.296875,185.0
21.953803399999742,0.0,64.296875,185.0
22.067713999998887,8.6,64.40234375,185.0
22.180834499999037,0.0,64.40234375,185.0
22.294661500000075,13.7,64.40234375,185.0
22.411756099998456,13.3,64.40234375,185.0
22.53177119999964,13.0,64.28515625,185.0
22.647829300000012,0.0,64.29296875,185.0
22.764250499998525,13.4,64.296875,185.0
22.88219979999849,0.0,64.296875,185.0
23.004536200000075,0.0,64.296875,185.0
23.18135809999876,13.3,64.296875,185.0
23.28999719999956,0.0,64.42578125,185.0
23.41091719999895,0.0,64.42578125,185.0
23.531596199998603,12.9,64.42578125,185.0
23.64093479999974,14.3,64.29296875,185.0
23.758632499999294,0.0,64.296875,185.0
23.874841799999558,13.4,64.30078125,185.0
23.985574199999974,14.1,64.30078125,185.0
24.100881299998946,0.0,64.30078125,185.0
24.219949299998916,13.1,64.3046875,185.0
24.393453099999533,0.0,64.3046875,185.0
24.514068499998757,17.7,64.39453125,185.0
24.637083799998436,0.0,64.39453125,185.0
24.76143289999891,25.1,64.2890625,185.0
24.880193699998927,0.0,64.296875,185.0
25.005929599999945,12.4,64.30078125,185.0
25.11513659999946,0.0,64.30078125,185.0
25.229015299999446,0.0,64.30859375,185.0
25.339539599999625,14.1,64.30859375,185.0
25.46159389999957,0.0,64.30859375,185.0
25.628856899998937,0.0,64.30859375,185.0
25.748456899998928,17.9,64.296875,185.0
25.856975699998657,14.4,64.30078125,185.0
25.97793139999885,0.0,64.30859375,185.0
26.090204099999028,0.0,64.30859375,185.0
26.198048899999776,14.5,64.30859375,185.0
26.311805499999537,13.7,64.30859375,185.0
26.42939219999971,0.0,64.30859375,185.0
26.55241129999922,0.0,64.30859375,185.0
26.663331999998263,0.0,64.30859375,185.0
26.842713599999115,13.2,64.30078125,185.0
26.95407939999859,9.1,64.42578125,185.0
27.062973000000056,14.3,64.42578125,185.0
27.177221399999326,0.0,64.42578125,185.0
27.29425479999918,13.4,64.42578125,185.0
27.409031299999697,13.6,64.4296875,185.0
27.52340119999826,0.0,64.4296875,185.0
27.638189799999964,13.6,64.4296875,185.0
27.747212699998272,14.3,64.4296875,185.0
27.86957379999876,0.0,64.29296875,185.0
28.04382429999896,0.0,64.296875,185.0
28.162290499998562,9.0,64.40625,185.0
28.29611549999936,11.7,64.41015625,185.0
28.418954999999187,0.0,64.4140625,185.0
28.54040089999944,0.0,64.4140625,185.0
28.66496299999926,0.0,64.4140625,185.0
28.78275339999891,13.3,64.4140625,185.0
28.900903999998263,0.0,64.19140625,185.0
29.018829599999663,13.3,64.19140625,185.0
29.131286199999522,0.0,64.1953125,185.0
29.301636199999848,0.0,64.19921875,185.0
29.42596219999905,17.2,64.3203125,185.0
29.544359599998643,13.2,64.32421875,185.0
29.663085899999714,0.0,64.33203125,185.0
29.7818032999985,13.2,64.33203125,185.0
29.89172349999899,14.2,64.3359375,185.0
30.010134799998923,0.0,64.2109375,185.0
30.12504049999916,13.6,64.19921875,185.0
30.244674999999916,13.1,64.2109375,185.0
30.357580799998686,13.8,64.2109375,185.0
30.535050399999818,0.0,64.2109375,185.0
30.65494369999942,17.5,64.3125,185.0
30.77507389999846,0.0,64.3125,185.0
30.895660700000008,0.0,64.3125,185.0
31.013773099999526,13.2,64.19921875,185.0
31.129755599999044,13.5,64.203125,185.0
31.238568400000077,14.4,64.20703125,185.0
31.358527200000026,13.0,64.20703125,185.0
31.47961369999939,0.0,64.20703125,185.0
31.594862099998863,27.1,64.2109375,185.0
31.77317519999997,0.0,64.2109375,217.0
31.891905599999518,8.7,64.3125,217.0
32.00695809999888,0.0,64.3125,217.0
32.12203999999838,13.6,64.19921875,217.0
32.236078399999315,13.7,64.20703125,217.0
32.35140449999926,0.0,64.2109375,217.0
32.469458899999154,13.2,64.2109375,217.0
32.58907519999957,0.0,64.2109375,217.0
32.708625199999005,13.1,64.2109375,217.0
32.82999539999946,12.9,64.2109375,217.0
33.00444729999981,12.9,64.2109375,217.0
33.1275315999992,8.9,64.19921875,217.0
33.25481509999918,0.0,64.20703125,217.0
33.37274079999952,13.2,64.20703125,217.0
33.497984699999506,12.5,64.2109375,217.0
33.62127009999858,12.7,64.2109375,217.0
33.74159959999997,0.0,64.2109375,217.0
33.85575069999868,0.0,64.2109375,217.0
33.968915299999935,13.7,64.2109375,217.0
34.08249209999849,0.0,64.2109375,217.0
34.25687879999896,13.2,64.19140625,217.0
34.37229609999849,9.1,64.3046875,217.0
34.48733219999849,13.6,64.3046875,217.0
34.604297199999564,0.0,64.3046875,217.0
34.71879850000005,13.6,64.3046875,217.0
34.832057199999326,13.8,64.3046875,217.0
34.94137969999974,14.3,64.3046875,217.0
35.05939279999984,13.2,64.3046875,217.0
35.18057869999939,0.0,64.3046875,217.0
35.294251299999814,13.7,64.19140625,217.0
35.47928669999965,13.8,64.19921875,217.0
35.596107199999096,8.3,64.3046875,217.0
35.70655569999872,14.1,64.30859375,217.0
35.82090329999846,0.0,64.30859375,217.0
35.935199899999134,13.7,64.30859375,217.0
36.05021829999896,13.6,64.30859375,217.0
36.170622899999216,13.0,64.30859375,217.0
36.28584469999987,0.0,64.30859375,217.0
36.403005199999825,13.3,64.1953125,217.0
36.520106099998884,13.3,64.19921875,217.0
36.69320809999954,13.1,64.203125,217.0
36.81232049999926,9.0,64.30859375,217.0
36.92243739999867,14.2,64.3125,217.0
37.03612679999969,0.0,64.3125,217.0
37.15700149999975,12.9,64.3125,217.0
37.27273549999882,0.0,64.3125,217.0
37.39264909999838,13.0,64.3125,217.0
37.51297279999926,13.0,64.19921875,217.0
37.63204179999957,0.0,64.2109375,217.0
37.75326679999853,12.9,64.2109375,217.0
37.939168699998845,13.0,64.2109375,217.0
38.05460779999885,0.0,64.3125,217.0
38.172180699999444,13.3,64.3125,217.0
38.30871439999828,11.4,64.3125,217.0
38.43255069999941,0.0,64.3125,217.0
38.55131249999977,0.0,64.19921875,217.0
38.676211999998486,12.5,64.20703125,217.0
38.79049479999958,0.0,64.20703125,217.0
38.90733689999979,13.4,64.20703125,217.0
39.02009949999956,13.9,64.21875,217.0
39.192567099998996,0.0,64.21875,217.0
39.303543199999694,9.1,64.3203125,217.0
39.417736599998534,13.7,64.3203125,217.0
39.53097189999971,13.8,64.3203125,217.0
39.63909590000003,14.5,64.20703125,217.0
39.75354579999839,13.7,64.2109375,217.0
39.87496399999873,12.9,64.21484375,217.0
39.994739999998274,0.0,64.21875,217.0
40.11160919999929,13.4,64.21875,217.0
40.23240629999964,12.9,64.21875,217.0
40.40352069999972,14.0,64.22265625,217.0
40.515370999999504,18.2,64.33984375,217.0
40.6270689999983,14.0,64.33984375,217.0
40.74767709999833,13.0,64.21484375,217.0
40.86515409999993,0.0,64.21875,217.0
40.977761699999974,0.0,64.21875,217.0
41.092772299998614,13.6,64.21875,217.0
41.20505359999879,13.9,64.22265625,217.0
41.32840119999855,0.0,64.22265625,217.0
41.441129299999375,13.2,64.22265625,217.0
41.618646299999455,12.9,64.22265625,217.0
41.7448887999999,0.0,64.328125,217.0
41.86285489999864,13.2,64.21875,217.0
41.9757869999994,0.0,64.22265625,217.0
42.09293139999863,13.3,64.22265625,217.0
42.21544719999838,12.8,64.22265625,217.0
42.33319719999963,0.0,64.2265625,217.0
42.44754169999942,0.0,64.2265625,217.0
42.565241699998296,13.3,64.2265625,217.0
42.68458389999978,13.1,64.2265625,217.0
42.86599589999969,0.0,64.2265625,217.0
42.987280099998316,17.2,64.3125,217.0
43.10638999999901,13.1,64.31640625,217.0
43.2236142999991,0.0,64.3203125,217.0
43.343801600000006,13.0,64.32421875,217.0
43.451562999998714,14.5,64.328125,217.0
43.57332829999905,0.0,64.328125,217.0
43.69545179999841,0.0,64.328125,217.0
43.81182689999878,13.4,64.328125,217.0
43.9250409999986,13.8,64.2109375,217.0
44.11690449999878,13.2,64.21875,217.0
44.2316555999987,8.3,64.328125,217.0
44.35006549999889,0.0,64.328125,217.0
44.47641870000007,12.4,64.328125,217.0
44.58921069999997,13.9,64.328125,217.0
44.70739329999924,13.2,64.328125,217.0
44.819441199999346,0.0,64.328125,217.0
44.931707099998675,0.0,64.20703125,217.0
45.04314109999905,0.0,64.20703125,217.0
45.1587086999989,13.5,64.21484375,217.0
45.3389561999993,0.0,64.21484375,217.0
45.46018589999949,16.9,64.32421875,217.0
45.573995499999,13.7,64.32421875,217.0
45.69244979999894,13.2,64.32421875,217.0
45.81318250000004,12.9,64.32421875,217.0
45.92504809999991,14.0,64.32421875,217.0
46.04612709999856,12.9,64.2109375,217.0
46.16128140000001,0.0,64.21875,217.0
46.275611999999455,0.0,64.22265625,217.0
46.39273669999966,13.3,64.22265625,217.0
46.56320179999966,0.0,64.22265625,217.0
46.67717739999898,9.2,64.34375,217.0
46.79938129999937,12.8,64.34375,217.0
46.91594239999904,0.0,64.34375,217.0
47.03556099999878,13.1,64.34375,217.0
47.147046000000046,0.0,64.21484375,217.0
47.267527699999846,13.0,64.21875,217.0
47.39055759999974,12.7,64.22265625,217.0
47.504200800000035,0.0,64.2265625,217.0
47.61960219999855,0.0,64.2265625,217.0
47.80556609999985,13.7,64.2265625,217.0
47.91773649999959,0.0,64.3125,217.0
48.03694679999899,13.1,64.3125,217.0
48.14285429999836,14.8,64.3125,217.0
48.265102399998796,12.8,64.21484375,217.0
48.37877649999973,13.7,64.21875,217.0
48.498126699998465,13.1,64.22265625,217.0
48.62309599999935,12.5,64.22265625,217.0
48.7450734999984,0.0,64.22265625,217.0
48.86411959999896,0.0,64.2265625,217.0
49.060672699999486,13.1,64.2265625,217.0
49.171828199998345,16.6,64.33203125,217.0
49.28185519999897,14.2,64.22265625,217.0
49.396419999999125,0.0,64.2265625,217.0
49.509366299998874,0.0,64.23046875,217.0
49.624532899999394,13.6,64.23046875,217.0
49.73961229999986,0.0,64.23046875,217.0
49.861126499999955,12.9,64.23046875,217.0
49.992012099999556,0.0,64.23046875,217.0
50.09777429999849,0.0,64.23046875,217.0
50.2870927999993,12.6,64.234375,217.0
50.39786969999841,8.9,64.32421875,217.0
50.51593419999881,13.2,64.32421875,217.0
50.64230629999838,12.4,64.328125,217.0
50.75940979999905,0.0,64.33203125,217.0
50.8755446999985,13.5,64.33203125,217.0
50.99558379999871,0.0,64.33203125,217.0
51.11262109999916,26.7,64.3359375,217.0
51.22707319999972,0.0,64.3359375,217.0
51.34744959999989,13.0,64.21875,217.0
51.54194179999831,13.2,64.2265625,217.0
51.65267929999936,8.4,64.328125,217.0
51.76537019999887,0.0,64.33203125,217.0
51.88438069999938,0.0,64.3359375,217.0
51.997350199999346,13.8,64.3359375,217.0
52.11307729999862,13.5,64.3359375,217.0
52.22350289999849,0.0,64.3359375,217.0
52.34564849999879,12.8,64.3359375,217.0
52.46496169999955,13.1,64.22265625,217.0
52.57609639999828,14.1,64.23046875,217.0
52.75770439999906,12.6,64.234375,217.0
52.87866450000001,8.7,64.3359375,217.0
52.998648499999035,13.0,64.3359375,217.0
53.11684659999992,0.0,64.3359375,217.0
53.237039699999514,13.0,64.3359375,217.0
53.34556259999954,14.4,64.3359375,217.0
53.47802529999899,11.8,64.22265625,217.0
53.596265199999834,13.2,64.2265625,217.0
53.720803199999864,0.0,64.23046875,217.0
53.83551719999923,0.0,64.23046875,217.0
54.014409599998544,12.7,64.23046875,217.0
54.138643899999806,17.3,64.33203125,217.0
54.25426069999958,13.5,64.3359375,217.0
54.36928889999945,0.0,64.3359375,217.0
54.49428949999856,0.0,64.22265625,217.0
54.61082329999954,13.4,64.2265625,217.0
54.73237749999862,12.9,64.234375,217.0
54.85328329999902,0.0,64.234375,217.0
54.96286139999938,0.0,64.234375,217.0
55.074520699999994,14.0,64.234375,217.0
55.24887859999944,13.1,64.234375,217.0
55.36035549999906,18.7,64.33984375,217.0
55.47893419999855,0.0,64.34375,217.0
55.60094299999946,0.0,64.234375,217.0
55.722818299998835,0.0,64.234375,217.0
55.84648649999872,12.6,64.23828125,217.0
55.95873699999902,0.0,64.23828125,217.0
56.07048599999871,0.0,64.23828125,217.0
56.18134269999973,0.0,64.2421875,217.0
56.302673799998956,0.0,64.2421875,217.0
56.47280649999993,0.0,64.2421875,217.0
56.586904899999354,8.9,64.34375,217.0
56.70622959999855,13.1,64.2265625,217.0
56.82470029999968,13.2,64.234375,217.0
56.940863899999385,13.5,64.234375,217.0
57.059229599999526,13.2,64.23828125,217.0
57.17160049999984,13.9,64.23828125,217.0
57.29127769999832,0.0,64.25390625,217.0
57.462490899999466,9.1,64.25390625,217.0
57.583988399999726,0.0,64.25390625,217.0
57.75935959999879,0.0,64.25390625,217.0
57.87637739999991,17.5,64.34765625,217.0
57.99727399999938,12.9,64.3515625,217.0
58.11548159999984,0.0,64.3515625,217.0
58.22590619999937,0.0,64.35546875,217.0
58.344537399998444,13.2,64.359375,217.0
58.4669320999983,12.8,64.359375,217.0
58.58960339999976,12.7,64.359375,217.0
58.71377249999932,0.0,64.359375,217.0
58.83077830000002,13.4,64.21484375,217.0
59.02128509999966,13.1,64.21484375,217.0
59.136530999998286,0.0,64.33203125,217.0
59.25552679999964,13.1,64.3359375,217.0
59.36858609999945,0.0,64.3359375,217.0
59.4874190999999,13.1,64.3359375,217.0
59.60498000000007,13.3,64.33984375,217.0
59.7208799,13.5,64.33984375,217.0
59.844569599999886,12.6,64.2109375,217.0
59.962044799998694,0.0,64.21484375,217.0
60.09176709999883,12.0,64.21875,217.0
60.279133199999706,0.0,64.21875,217.0
60.391805499999464,25.7,64.3203125,217.0
60.50442699999985,13.9,64.328125,217.0
60.62390659999983,13.1,64.328125,217.0
60.74077819999911,0.0,64.328125,217.0
60.85620109999945,13.5,64.21875,217.0
60.974325499999395,13.2,64.22265625,217.0
61.088845799999035,0.0,64.22265625,217.0
61.20494409999992,13.5,64.2265625,217.0
61.32019279999986,0.0,64.2265625,217.0
61.521430099999634,13.5,64.2265625,217.0
61.637860899998486,7.8,64.33203125,217.0
61.74999949999983,13.9,64.33203125,217.0
61.870558399999936,0.0,64.21875,217.0
61.98762839999836,26.7,64.21875,217.0
62.11031659999935,12.7,64.2265625,217.0
62.22761419999915,0.0,64.24609375,217.0
62.34996599999977,0.0,64.24609375,217.0
62.46203019999848,0.0,64.24609375,217.0
62.57947139999851,13.3,64.24609375,217.0
62.75444089999837,0.0,64.24609375,217.0
62.874937799999316,17.7,64.23828125,217.0
62.997074099999736,12.8,64.23828125,217.0
63.11455619999833,13.3,64.2421875,217.0
63.237820499998634,12.7,64.2421875,217.0
63.357452499998544,13.1,64.24609375,217.0
63.4676316999994,14.2,64.24609375,217.0
63.58913439999924,12.9,64.24609375,217.0
63.7122148999988,0.0,64.24609375,217.0
63.83099089999996,13.2,64.24609375,217.0
63.99983389999943,0.0,64.23046875,217.0
64.11143489999995,18.5,64.35546875,217.0
64.22717269999885,0.0,64.359375,217.0
64.3458032999988,13.2,64.359375,217.0
64.4633030999994,0.0,64.359375,217.0
64.58154999999897,0.0,64.359375,217.0
64.69732969999859,0.0,64.36328125,217.0
64.81500909999886,13.3,64.36328125,217.0
64.92696350000006,14.0,64.36328125,217.0
65.04272579999997,0.0,64.23828125,217.0
65.22599420000006,27.0,64.2421875,217.0
65.3397219999988,8.6,64.33984375,217.0
65.45525719999932,13.5,64.33984375,217.0
65.57483819999834,13.1,64.33984375,217.0
65.68860109999878,13.7,64.33984375,217.0
65.7993005999997,14.1,64.34375,217.0
65.91687099999945,0.0,64.34375,217.0
66.02806629999941,14.1,64.34375,217.0
66.14445879999948,13.4,64.23046875,217.0
66.2596668999995,0.0,64.23828125,217.0
66.45438049999939,13.0,64.2421875,217.0
66.56802949999837,16.6,64.359375,217.0
66.69075819999853,12.7,64.359375,217.0
66.8030805999988,0.0,64.359375,217.0
66.9200707,13.4,64.359375,217.0
67.03667519999908,0.0,64.359375,217.0
67.14771039999869,0.0,64.23046875,217.0
67.2672509999993,13.1,64.234375,217.0
67.38404919999994,0.0,64.234375,217.0
67.50645859999895,0.0,64.234375,217.0
67.70507629999884,0.0,64.234375,217.0
67.82969589999993,15.4,64.34765625,217.0
67.94396349999988,0.0,64.34765625,217.0
68.05904979999832,0.0,64.34765625,217.0
68.17587959999946,13.4,64.234375,217.0
68.31140939999932,11.5,64.234375,217.0
68.4296703,0.0,64.234375,217.0
68.55295859999933,0.0,64.23828125,217.0
68.67473489999975,12.8,64.2421875,217.0
68.79324610000003,0.0,64.2421875,217.0
68.99536589999843,13.0,64.2421875,217.0
69.11682689999907,15.3,64.34765625,217.0
69.22789139999986,0.0,64.234375,217.0
69.33572719999938,0.0,64.23828125,217.0
69.4454584999985,0.0,64.2421875,217.0
69.56077430000005,13.5,64.24609375,217.0
69.67717849999826,0.0,64.24609375,217.0
69.7951469999989,13.2,64.24609375,217.0
69.9130957999987,0.0,64.24609375,217.0
70.02976089999902,13.4,64.24609375,217.0
70.19969499999934,13.8,64.24609375,217.0
70.3111745999995,9.3,64.234375,217.0
70.4280093999987,13.4,64.23828125,217.0
70.54362439999932,13.5,64.2421875,217.0
70.6580355999995,13.7,64.24609375,217.0
70.76529389999996,14.6,64.24609375,217.0
70.87869809999938,0.0,64.24609375,217.0
70.99044569999933,0.0,64.24609375,217.0
71.10374059999958,0.0,64.25,217.0
71.2115118999991,0.0,64.25,217.0
71.37778809999872,13.8,64.23828125,217.0
71.50143749999916,8.8,64.33984375,217.0
71.61905689999912,0.0,64.34765625,217.0
71.76698729999953,0.0,64.3515625,217.0
71.88833689999956,12.9,64.3515625,217.0
72.0013885999997,13.8,64.3515625,217.0
72.11461109999982,0.0,64.3515625,217.0
72.22616119999839,0.0,64.3515625,217.0
72.3460654999999,13.0,64.23828125,217.0
72.46028879999903,0.0,64.2421875,217.0
72.63786649999929,13.0,64.24609375,217.0
72.74978139999985,27.7,64.34765625,217.0
72.86707380000007,0.0,64.34765625,217.0
72.9887147999998,0.0,64.34765625,217.0
73.1090435999995,13.0,64.3515625,217.0
73.23074039999847,12.8,64.3515625,217.0
73.33826979999867,0.0,64.3515625,217.0
73.46014359999936,0.0,64.2421875,217.0
73.57778629999848,13.3,64.25,217.0
73.68733470000006,14.3,64.25,217.0
73.84039089999897,14.5,64.25,217.0
73.96135869999853,0.0,64.37109375,217.0
74.07110329999887,0.0,64.37109375,217.0
74.18753939999988,13.4,64.37109375,217.0
74.30872939999972,12.9,64.37109375,217.0
74.4297037999986,0.0,64.37109375,217.0
74.5432323999994,13.8,64.2421875,217.0
74.6582314999996,13.6,64.24609375,217.0
74.77755029999935,13.1,64.24609375,217.0
74.89689699999872,0.0,64.25390625,217.0
75.0627117999993,0.0,64.25390625,217.0
75.16943829999946,9.5,64.35546875,217.0
75.28363079999872,13.7,64.35546875,217.0
75.40281629999845,13.1,64.35546875,217.0
75.51566909999929,13.8,64.35546875,217.0
75.64040589999968,12.5,64.2421875,217.0
75.76735949999966,12.3,64.25,217.0
75.89180839999972,12.5,64.25390625,217.0
76.00247219999983,14.1,64.26171875,217.0
76.1369528999985,23.2,64.265625,217.0
